time,SP01,SP02,SP03,SP04,SP05,SP06,SP07,SP08,SP09,SP10,SP11,SP12,SP13,SP14,SP15,SP16,SP17,SP18
0 days 00:00:00,0.0,0.0,0.0,0.0,0.0,0.0,0.0,0.0,0.0,0.0,0.0,0.0,0.0,0.0,0.0,0.0,0.0,0.0
0 days 01:00:00,1.0950193,1.0886173,0.0,0.0,0.0,0.0,0.0,1.0881969,0.0,0.0,0.0,0.0,0.0,0.0,0.0,0.0,0.0,0.0
0 days 02:00:00,1.0946761,1.0882522,1.0596237,1.0582926,1.0695598,0.0,0.0,1.0863237,1.0675663,0.0,0.0,0.0,0.0,0.0,0.0,0.0,0.0,0.0
0 days 03:00:00,1.0945215,1.0873531,1.05523,1.0408441,1.0684489,0.0,4.0616572e-09,1.0823759,1.0638039,1.0455365,0.0,0.00039493042,2.1942369e-10,1.0474082,0.00047916506,0.0011268615,0.00022241227,1.1200927e-05
0 days 04:00:00,1.094385,1.0865543,1.0564669,1.0553257,1.0663631,0.68509245,0.03931521,1.0784886,1.0596837,1.0416136,0.0,0.00048148524,4.9654907e-05,1.0462188,1.0257937,1.0244813,0.00028041872,5.3383235e-05
0 days 05:00:00,1.0942926,1.0858462,1.0641584,1.0632807,1.0641454,0.66591465,0.6182452,1.0746759,1.0556067,1.0367434,1.0028133,1.0038403,4.8630252e-05,1.0437789,1.0242757,1.020104,0.00027463213,9.093838e-05
0 days 06:00:00,1.0943455,1.0839171,1.0619234,1.0422082,1.0619808,1.0047303,0.98654544,1.0710192,1.0517136,0.7768622,0.99929386,0.97378916,4.7626738e-05,1.0414097,1.0220208,0.7789197,0.9832139,9.703287e-05
0 days 07:00:00,1.0944855,1.0820538,1.060512,1.0399933,1.0606761,1.0302328,0.9098754,1.0861992,1.0482548,0.46901518,1.0300845,0.0001537186,4.6643934e-05,1.0421909,1.0191619,0.49076676,0.7768944,9.503053e-05
0 days 08:00:00,1.094649,1.0789142,1.0593328,1.0182438,1.0595146,1.0337132,0.70417356,1.0840636,1.0632566,1.0311793,1.0451633,0.0001293226,0.58155495,1.0594635,1.0387657,1.0105844,0.51596063,0.94305426
0 days 09:00:00,1.0948154,1.0753003,1.0503888,0.9782329,1.074918,1.0316975,0.70368767,1.0825851,1.060969,1.0297658,1.0610131,0.6298708,0.86232924,1.0577245,1.0380975,1.016361,1.0016059,0.72780377
0 days 10:00:00,1.0948966,1.0807599,1.0516964,0.042520024,1.0733378,1.0218453,1.0019735,1.0807387,1.0586693,1.0194072,1.058631,0.042520024,0.6748772,1.0541008,1.0360191,1.0055411,0.9984231,0.48478648
0 days 11:00:00,1.0949394,1.088395,1.0706666,0.9563081,1.0706716,1.035166,0.723359,1.0788115,1.0569419,1.0201281,1.0568922,0.0416426,0.6787851,1.0510248,1.0321487,0.90506065,0.978412,0.96135
0 days 12:00:00,1.0949714,1.0877267,1.0681306,0.9546314,1.0681218,1.0278951,0.7295475,1.0769565,1.0557612,1.0254594,1.055703,0.040783282,0.96090716,1.0485047,1.0293086,0.9479817,0.8984828,0.95759684
0 days 13:00:00,1.0949847,1.0871605,1.0665065,1.0265222,1.0664912,1.0274807,0.7394988,1.0750741,1.0547341,1.0304472,1.0546927,0.039941695,0.6984117,1.0502388,1.0301542,1.0068853,0.98391217,0.9378363
0 days 14:00:00,1.0950103,1.0866861,1.0647907,1.033123,1.0648149,1.0285603,0.7401929,1.080024,1.0528076,1.032102,1.0528044,0.039117478,0.69898176,1.0639484,1.0443558,0.940717,0.98553973,0.8494341
0 days 15:00:00,1.0950457,1.0848445,1.0630224,1.0419848,1.06306,1.029987,0.73738647,1.0884715,1.0655365,1.0302421,1.0510478,0.038552873,0.7098609,1.0624275,1.042869,0.9348779,0.91639644,0.89045763
0 days 16:00:00,1.0950892,1.0830103,1.0612466,1.0403067,1.0612898,1.0291325,0.7425499,1.087775,1.0689085,1.0288161,1.0493708,0.2691453,0.7086065,1.0609304,1.0406116,0.9256789,0.91248065,0.94499487
0 days 17:00:00,1.0951691,1.0811737,1.0594639,1.0188395,1.0662584,1.0304666,0.7309864,1.087303,1.0662003,1.0298034,1.0468584,0.43757814,0.7104305,1.0604503,1.038328,0.92129993,0.90434325,0.8792928
0 days 18:00:00,1.0952833,1.0793536,1.0570577,0.97880095,1.0778646,1.0465815,0.8304141,1.087102,1.0650994,1.0351638,1.0652187,0.110272415,0.7010194,1.0577179,1.0381995,0.9091306,0.88794464,0.8835844
0 days 19:00:00,1.095383,1.0776393,1.0531608,0.9244954,1.0763984,1.0433135,0.81832045,1.0869188,1.063942,1.0395229,1.0639637,0.03524459,0.6911712,1.0561628,1.0504992,0.90355676,0.8865771,0.8674052
0 days 20:00:00,1.0954248,1.0799229,1.0751842,0.7649857,1.0753651,1.0409877,0.73444897,1.0853765,1.0630552,1.0394984,1.062956,0.0345173,0.79982895,1.0544,1.053859,0.9489158,0.8958094,0.8651618
0 days 21:00:00,1.0953939,1.0823416,1.0748024,1.032724,1.0749152,1.0278038,0.7554982,1.0832412,1.0618236,1.0274205,1.0617142,0.03380502,0.7833658,1.053404,1.0326662,0.97385776,0.9604509,0.85318506
0 days 22:00:00,1.0952978,1.0831829,1.074981,1.0526484,1.0749218,1.0179952,0.8786284,1.0810742,1.0596819,1.0351964,1.039805,0.03310743,0.7009028,1.0524457,1.0316026,1.024062,0.9560648,0.8587773
0 days 23:00:00,1.0951439,1.0827503,1.0748881,1.0535766,1.0747178,1.0211749,1.0167351,1.077605,1.0577041,1.0322496,1.0377102,0.07107946,0.7237551,1.0525156,1.0307294,1.0165632,0.98177755,0.89077175
1 days 00:00:00,1.0949782,1.0811995,1.0745418,1.0537945,1.0743337,1.0309942,1.0122036,1.073655,1.060046,1.0324975,1.0356338,0.9824538,0.70882,1.0523666,1.0305694,1.0326506,0.9824012,0.8886886
1 days 01:00:00,1.0948192,1.0790544,1.0740747,1.0533129,1.0738877,1.0228181,1.009996,1.0873027,1.0694171,1.0339516,1.014263,0.99079984,0.8212018,1.0517269,1.0307698,1.0338718,0.9908046,0.88662004
1 days 02:00:00,1.094655,1.0765725,1.0724292,1.0517594,1.0734181,1.023381,1.0042173,1.0844066,1.0658882,1.0474386,1.0119299,1.0084407,0.8042559,1.0518885,1.0303876,1.0291499,0.9903478,0.87871087
1 days 03:00:00,1.0945042,1.0882683,1.07063,1.049978,1.0720806,1.0170512,1.0022535,1.0804852,1.0619264,1.0438931,1.0081359,1.0077524,0.91022706,1.0512413,1.0296522,1.0253961,0.9832393,0.90321356
1 days 04:00:00,1.0943677,1.0878643,1.0687375,1.0485884,1.0699635,1.0159494,0.9992296,1.0766097,1.0578319,1.0397495,1.0045725,1.003818,0.91577697,1.0496224,1.0295051,1.0221384,0.9869524,0.88457525
1 days 05:00:00,1.094275,1.087006,1.0677401,1.0471138,1.0677272,1.0119859,0.9967057,1.0727998,1.053754,1.0348153,1.0012441,1.000795,0.8968795,1.0471832,1.0275202,1.0182935,0.9831113,0.8846071
1 days 06:00:00,1.0943284,1.0863428,1.0654906,1.0451998,1.0664524,1.0061744,0.99273634,1.0857515,1.0498399,1.0061256,1.0081866,0.9801432,0.9099483,1.045694,1.0261728,1.0081395,0.9912186,0.89270854
1 days 07:00:00,1.0944695,1.0858235,1.0640258,1.0439038,1.0651226,1.0216204,0.99227077,1.0842855,1.0594925,0.9435987,1.0282197,0.9269632,0.92210275,1.0447589,1.0244204,0.94801635,0.9857613,0.91221964
1 days 08:00:00,1.0946342,1.0827173,1.0629103,1.02233,1.0630924,1.0348607,0.9884199,1.0821857,1.0611912,1.033249,1.0432884,0.61703324,0.93936485,1.0585085,1.0230367,1.013346,0.92755526,0.94025314
1 days 09:00:00,1.0948029,1.0790678,1.0539355,0.9817514,1.0603598,1.0343124,0.9784739,1.0806878,1.0591363,1.0325302,1.0591708,0.60791445,0.9519765,1.0603244,1.0417063,1.0088333,1.0024818,0.9424436
1 days 10:00:00,1.094885,1.0768353,1.0551195,0.123724476,1.0760162,1.0261338,1.0020566,1.0788325,1.0567164,1.0223633,1.056682,0.123724476,0.9514431,1.0578372,1.0397279,1.0076921,0.9973864,0.88975424
1 days 11:00:00,1.0949285,1.0751556,1.054755,0.942644,1.0744098,1.0199238,0.74919814,1.0769162,1.0550841,1.0225251,1.0550475,0.12117135,0.9402858,1.0547024,1.0357329,0.9961815,0.98765236,0.9641067
1 days 12:00:00,1.0949614,1.0861039,1.071825,0.94054353,1.0718639,1.0176868,0.754312,1.0750698,1.0539417,1.0257803,1.0538869,0.11867091,0.96178603,1.0521635,1.0326838,0.98525584,0.9773509,0.9623479
1 days 13:00:00,1.0949754,1.0884615,1.0702037,1.0300239,1.0702025,1.0275162,0.7619988,1.079436,1.0528951,1.0230343,1.0528535,0.11622207,0.718197,1.0493872,1.0304004,1.0100777,0.99167496,0.9424894
1 days 14:00:00,1.0950016,1.0877898,1.0684793,1.028875,1.0685037,1.032217,0.7631711,1.0884181,1.063989,1.0219822,1.0509506,0.113823764,0.72266227,1.0475394,1.0280944,0.94906753,0.98923475,0.92304057
1 days 15:00:00,1.0950377,1.0872343,1.0667028,1.0264908,1.0667433,1.0302324,0.7604058,1.0876974,1.0695901,1.0318117,1.0491931,0.11149867,0.73176026,1.0528867,1.0333438,0.9438208,0.9254905,0.92328227
1 days 16:00:00,1.0950816,1.0867796,1.0649233,1.0239795,1.064974,1.0327011,0.753414,1.0871153,1.0679266,1.0318029,1.047522,0.20084491,0.73021436,1.0645521,1.0442435,0.9350933,0.9204071,0.9484843
1 days 17:00:00,1.095162,1.0849553,1.0631295,1.0222884,1.063235,1.0338358,0.75301963,1.0867627,1.0652645,1.0316051,1.0459034,0.4708078,0.73387414,1.0631875,1.0421253,0.91637796,0.9008545,0.8880159
1 days 18:00:00,1.0952771,1.0831409,1.0606357,0.9642466,1.0614488,1.0330591,0.84164464,1.0851932,1.063168,1.0329832,1.0632735,0.16824992,0.71873033,1.0614077,1.0421321,0.9193259,0.89910024,0.8837036
1 days 19:00:00,1.0953773,1.0814106,1.0552623,0.927281,1.0797726,1.031097,0.82733274,1.0850157,1.0620399,1.0310197,1.0620584,0.10255448,0.7145447,1.0598481,1.0389847,0.91430724,0.8971928,0.880211
1 days 20:00:00,1.0954193,1.0797371,1.0581594,0.7647332,1.0783023,1.032395,0.754037,1.0834658,1.0612252,1.0246779,1.0611358,0.100438215,0.8125153,1.0581354,1.0375649,0.9534296,0.9056328,0.86204743
1 days 21:00:00,1.0953889,1.0795,1.0774416,1.0357628,1.0774678,1.0180715,0.7734585,1.0813361,1.0599513,1.0284023,1.0598634,0.098365605,0.7957486,1.0570794,1.0355859,0.9805913,0.9633253,0.86090225
1 days 22:00:00,1.0952929,1.079498,1.0774415,1.0563316,1.0774311,1.0175893,0.8896213,1.07919,1.0578903,1.0372331,1.0443814,0.09640648,0.71719635,1.0560784,1.0348073,1.02045,0.9604014,0.86228603
1 days 23:00:00,1.095139,1.0793715,1.0773343,1.0571721,1.0772964,1.0247731,1.010603,1.0757432,1.0560133,1.0314364,1.0359873,0.12598166,0.738742,1.0560323,1.0339615,1.0163981,0.9827715,0.8908708
2 days 00:00:00,1.0949732,1.0791488,1.077129,1.0573057,1.0728503,1.0345169,1.0129828,1.0822126,1.0714357,1.0311583,1.0339919,0.98280257,0.7234977,1.0559493,1.0336765,1.0313103,0.9955104,0.889932
